Module Name,Version Build,Data Size,OS Architecture,Tags,Visual Asset,Access Link,Data Log
"Rainbow Six Mobile ( Unlimited agents , Unlimited money )",v2.0.000,2.7 GB,"Android, iOS","Action, Legendary",https://i.postimg.cc/RFVVV2NS/image.png,https://files.5modapk.com/ROOT/All%20Documents%20File/Folder%2019/Rainbow%20Six%20Mobile/Rainbow-Six-Mobile-v2.0.000-(Getmodsapk.com).xapk,"The first-person shooter with the most powerful and advanced features, including realistic graphics and alluring images, propels you into an unending world of fights with the most recent components."
Honkai: Star Rail (Unlimited Money/Gems),v3.8.0,415 MB,"Android, iOS",RPG,https://i.postimg.cc/d0zz0BqN/1397050389-AQADWQxr-Gypfy-FJy.jpg,https://files.5modapk.com/ROOT/All%20Documents%20File/Folder%2012/Honkai%20Star%20Rail/Honkai-Star-Rail-v2.4.0-MOD-GMA-(Getmodsapk.com).apk,Launch your space adventure with cosmic power\! Obtain **Unlimited Money** and **Gems** to instantly recruit the best characters and maximize your power in *Honkai: Star Rail*. Don't miss this **Latest Version** of the acclaimed RPG. Claim your **game** and assemble your ultimate interstellar crew\! Unlock the full experience below.
Red Dead Redemption Mod,v1.53,2.7 GB,"Android, iOS","Adventure, Action, Hot",https://upload.wikimedia.org/wikipedia/en/a/a7/Red_Dead_Redemption.jpg,https://d.apkpure.net/b/XAPK/com.netflix.NGP.Kamo?version=latest,Embark on a legendary journey across the American West with the **Red Dead Redemption Mod**\! Instantly access exclusive features and unlock John Marston’s full potential. Grab the **Latest Version** now for a completely unrestricted open-world crime epic. Your **game** of this classic adventure awaits\! Unlock the full experience below.
Blox Fruits ( Script ) Unlock unlimited fruits,v4.2,300 MB,"Android, iOS","Action, RPG",https://tr.rbxcdn.com/180DAY-9562aea76052b8e6690596750b666b26/768/432/Image/Webp/noFilter,https://blxfruitscript.com/,Unleash maximum power in *Blox Fruits* with this game-changing **Script**\! Instantly **Unlock Unlimited Fruits** and dominate the seas with enhanced abilities and exclusive features. This is the **Latest Version** you need for ultimate mastery. Get your **game** and transform your gameplay experience\! Unlock the full experience below.
One State RP Mod (Unlimited Money),v0.46,3.9 GB,"Android, iOS","Action, RPG",https://is1-ssl.mzstatic.com/image/thumb/Purple221/v4/a7/e8/43/a7e84372-52d2-dcaa-d5b3-9c04dca01e04/AppIcon-0-0-1x_U007emarketing-0-8-0-85-220.png/400x400ia-75.webp,https://dlnew.gamestoremobi.com/ModComboApp.apk,Dive into a chaotic open-world RPG where you rule the city\! The **One State RP Mod** grants you **Unlimited Money** for high-performance cars and all the high-stakes action you can handle. This **Latest Version** is your ticket to living an unrestricted life of crime. Grab your **game** now\! Unlock the full experience below.
Genshin impact ( Mod Menu ),v6.2.0,583.58 MB,"Android, iOS",Adventure,https://i.postimg.cc/hGp5wXJL/image.png,https://d-e03.winudf.com/b/XAPK/Y29tLm1pSG9Zby5HZW5zaGluSW1wYWN0XzExMThfOTIxZWVjMzY?_fn=Z2Vuc2hpbi1pbXBhY3QtYXBrcmFiaS5jb20ueGFwaw%3D%3D&is_hot=true&k=43dac12dcc837a808577c33461cdfe82697b8196&uu=https%3A%2F%2Fd-11.winudf.com%2Fb%2FXAPK%2FY29tLm1pSG9Zby5HZW5zaGluSW1wYWN0XzExMThfOTIxZWVjMzY%3Fk%3D8d66d925dd8500e5860f1f0e59ab83f7697b8196&mu=1-1,Explore the breathtaking world of Teyvat with zero limits\! The **Genshin Impact Mod Menu** gives you superior control and advantages in combat and exploration. Experience the **Latest Version** of this vibrant adventure game without restrictions. Your **game** of this vast fantasy world is ready\! Unlock the full experience below.
Brawl Stars Mod (Unlimited Brawlers/Money/Gems),v65.165,907 MB,"Android, iOS","Action, Shooter",https://i.postimg.cc/XYSRDf53/image.png,https://files.an1.co/brawl-stars-mod_65.165-an1.com.apk,JUMP into the ultimate online shooter with the **Brawl Stars Mod**\! Access **Unlimited Brawlers
Goal Battle - Soccer Games (Menu Mod),v4.705,688 MB,"Android, iOS","Sports, Action",https://i.postimg.cc/C5VwSGq8/image.png,https://www.happymodapkdl.com/goal-battle-mod/com.mage.goalbattle/com.mod.goal-battle-soccer-games-mod-apk-4-592-2-downloading.html,Own the pitch in *Goal Battle - Soccer Games*\! The **Menu Mod** gives you the edge to outsmart opponents and score at will in fast-paced
Pokémon GO Mod (Teleport/Joystick),v1.232,239 MB,"Android, iOS",Adventure,https://i.postimg.cc/8P1V2tXC/1397050389-AQADQQxr-Gypfy-FJ9.jpg,https://api.pgsharp.com/download,Become the ultimate Trainer with the **Pokémon GO Mod**\! Features like **Teleport** and **Joystick** let you catch rare Pokémon anywhere
Arknights: Endfield (Mod menu ),v1.0.13,23 GB,"Android, iOS","Action, RPG",https://i.postimeg.cc/91cce578c6af460ca623e50f66cacfac.jpg,https://users.nexusmods.com/?redirect_url=https%3A%2F%2Fwww.nexusmods.com%2Fskyrimspecialedition%2Fmods%2F170239%3Ftab%3Dfiles%26file_id%3D711591,CONQUER the dangerous world of Talos-II\! Activate the *Arknights: Endfield* **Mod Menu** for enhanced control and an overwhelming advantage against dangerous foes. Prepare for epic action and deep RPG strategy in this stunning **Latest Version**. Your massive **game** is ready\! Unlock the full experience below.
Last War: Survival – Dodge & Defeat Zombies (Mod Menu ),v1.0.329,701.3 MB,"Android, iOS",Strategy,https://i.postimeg.cc/68025ea26a314a7c985ff22723c924dc.jpg,https://last-war-survival-game.apkrabi.com/download/,Survive the apocalypse and crush the undead\! The *Last War: Survival* **Mod Menu** gives you the strategic advantage to build your ultimate base and recruit an unstoppable hero team. Get the **Latest Version** of this thrilling survival strategy game. Secure your **game** and defeat the zombie outbreaks\! Unlock the full experience below.
Gacha Club [Unlimited Money and Diamonds],v1.1.0,126 MB,"Android, iOS",Role Playing,https://i.postimg.cc/KvNkmKy3/image.png,https://files.5modapk.com/ROOT/All%20Documents%20File/Folder%2016//Gacha%20Club//Gacha-Club-v1.1.12-MOD-GMA-(Getmodsapk.com).apk,Customize your dream characters with no limits\! The **Gacha Club Mod** grants you **Unlimited Money and Diamonds** to access all fashion and combat options instantly. Experience the **Latest Version** of this popular Gacha game and create hundreds of pets and unique characters. Your **game** is here\! Unlock the full experience below.
Five Nights at Freddy's: Security Breach [All Unlocked],v1.0.3,5.5 GB,"Android, iOS",Horror,https://i.postimg.cc/x8Q82Qx3/image.png,https://files.5modapk.com/ROOT/All%20Documents%20File/Folder%2014/Five%20Nights%20At%20Freddy/Five-Nights-at-Freddy-s-v2.0.7-MOD-GMA-(Getmodsapk.com).apk,SURVIVE the night at the Mega Pizzaplex\! The **Five Nights at Freddy's: Security Breach** Mod comes with **All Unlocked** content
PUBG MOBILE  [Unlimited UC/Aimbot],v3.2.0,790 MB,"Android, iOS",Action,https://i.postimg.cc/pLSddzcr/image.png,https://getmodsapk.com/pubg-mobile-apk/download,Dominate the Battle Royale map\! The **PUBG MOBILE Mod** provides **Unlimited UC** and an essential **Aimbot** to guarantee victory in every firefight. Play the original Battle Royale with the **Latest Version** and leave your opponents speechless. Claim your competitive **game** today\! Unlock the full experience below.
The Sims™ Mobile [Unlimited Everything ],v37.0.0.143715,110 MB,"Android, iOS",Simulation,https://i.postimg.cc/xTTjytWj/image.png,https://getmodsapk.com/9089-the-sims-mobile-mod-apk/download,Build the perfect life with no limitations\! The **The Sims™ Mobile Mod** features **Unlimited Everything** and careers instantly. Enjoy the definitive **Latest Version** of the life simulation experience. Get your **Free Download** and live the dream now\! Unlock the full experience below.
Angry Birds 2 [Unlimited Money/Gems] ,v3.45.0,120 MB,"Android, iOS",Puzzle,https://getmodsapk.com/storage/Angry-Birds-2-MOD-APK4.webp,https://getmodsapk.com/9431-angry-birds-2-mod-apk/download,Join the flock and launch your adventure with infinite power\! The **Angry Birds 2 Mod** includes **Unlimited Money and Gems** to crush multi-stage levels and challenging puzzles. This **Latest Version** ensures a high-flying
Grand Theft Auto: San Andreas  [Unlimited Money],v2.10,2.6 GB,"Android, iOS",Action,https://i.postimg.cc/SNsqzjMy/image.png,https://getmodsapk.com/gta-san-andreas-mod-apk/download,Return to the classic open-world crime epic with infinite cash\! The **Grand Theft Auto: San Andreas Mod** grants you **Unlimited Money** for complete control over the state of San Andreas. Experience the legendary adventure in its **Latest Version**. Your **game** of Carl Johnson's journey awaits\! Unlock the full experience below.
Shadow Fight 3 [Unlimited Money/Gems/Max Level] ,v1.34.0,145 MB,"Android, iOS",Fighting,https://i.postimg.cc/cH0G1JW6/image.png,https://getmodsapk.com/6648-shadow-fight-3-hacked-apk/download,Master every fight instantly\! The **Shadow Fight 3 Mod** provides **Unlimited Money
"Clash of Clans [Unlimited Money, Unlimited Gems]",v16.324.23,215 MB,"Android, iOS",Strategy,https://i.postimg.cc/QdT2p7xp/image.png,https://getmodsapk.com/5383-clash-of-clans-apk-mod/download,Build an unstoppable village and crush enemy clans\! The **Clash of Clans Mod** gives you **Unlimited Money and Gems** for instant upgrades and troop training. Max out your base instantly in the **Latest Version** of this top strategy game. Claim your powerful **game** now\! Unlock the full experience below.
Drift Max Pro  [Unlimited Money/All Cars Unlocked],v2.5.21,350 MB,"Android, iOS",Racing,https://i.postimg.cc/vHpjHm7S/image.png,https://getmodsapk.com/drift-max-pro-mod-apk/download,Shred the tracks with every car at your fingertips\! The **Drift Max Pro Mod** offers **Unlimited Money** and **All Cars Unlocked** to master the art of drifting with realistic physics. Drive the **Latest Version** with absolute freedom. Your **game** to supreme racing power is ready\! Unlock the full experience below.
Farming Simulator 20 [Unlimited Money/Unlock all Vehicles],v0.0.0.76,600 MB,"Android, iOS",Simulation,https://i.postimg.cc/76mdxMmr/image.png,https://getmodsapk.com/farming-simulator-20-mod-apk/download,Manage your ultimate farm with instant access to the best gear\! The **Farming Simulator 20 Mod** provides **Unlimited Money** and **Unlocks all Vehicles** for maximum productivity. Take command of the **Latest Version** of this simulation game. Get your **game** and build your agricultural empire\! Unlock the full experience below.
Modern Combat 5 [Money/Anti-Ban/God Mode],v5.9.1a,45 MB,"Android, iOS",Action,https://i.postimg.cc/FsJWq4tW/image.png,https://getmodsapk.com/modern-combat-5-mod-apk/download,Enter the action with game-breaking power\! The **Modern Combat 5 Mod** includes **Money
My Talking Angela 2 [Unlimited Money],v26.1.5.36330,150 MB,"Android, iOS",Simulation,https://i.postimg.cc/Y0L3J1P7/image.png,https://getmodsapk.com/my-talking-angela-2-mod-apk/download,Care for your virtual pet with endless resources\! The **My Talking Angela 2 Mod** gives you **Unlimited Money** to unlock all fashion and activities instantly. Enjoy the vibrant **Latest Version** of this popular simulation game. Your **game** for endless fun is waiting\! Unlock the full experience below.
Hunter Assassin (Unlimited Gems and Diamond),v2.036,110 MB,"Android, iOS",Action,https://i.postimg.cc/FsJWq4tW/image.png,https://getmodsapk.com/hunter-assassin-mod-apk/download,Become the ultimate stealth master\! The **Hunter Assassin Mod** equips you with **Unlimited Gems and Diamonds** to instantly upgrade and eliminate targets one by one. Play the definitive **Latest Version** of this intense action game. Get your **game** and vanish into the shadows\! Unlock the full experience below.
Slugterra Slug It Out 2 (Unlimited Money/Gems),v6.1.0,350 MB,"Android, iOS",Puzzle,https://i.postimg.cc/KvJPJpjq/image.png,https://getmodsapk.com/slugterra-slug-it-out-2-mod-apk/download,Power up your slugs instantly\! The **Slugterra Slug It Out 2 Mod** grants **Unlimited Money and Gems** to sling your way to victory in every match-three puzzle battle. Dominate the **Latest Version** of this unique action puzzle game. Claim your **game** and defeat every opponent\! Unlock the full experience below.
Blockmods [Unlimited Money],v1.9.66.3,951 MB,"Android, iOS",Strategy,https://i.postimg.cc/Bv12Zqgc/image.png,https://getmodsapk.com/blockmods-mod-apk/download,Build and strategize without financial limits\! The **Blockmods Mod** gives you **Unlimited Money** to construct massive structures and dominate the competitive strategy game. Experience the **Latest Version** of this engaging world builder. Your **game** to unlimited creation power is here\! Unlock the full experience below.
Bed Wars [Unlimited Money/Gcubes/Keys],v1.9.68.1,822 MB,"Android, iOS",Action,https://i.postimg.cc/rwTSy6bx/image.png,https://getmodsapk.com/8120-bed-wars-mod-apk/download,Protect your bed and crush your rivals\! The **Bed Wars Mod** provides **Unlimited Money
Sea Battle 2  (Unlimited Money/All Unlocked),v3.14.1,86 MB,"Android, iOS",Action,https://i.postimg.cc/rwTSy6bx/image.png,https://getmodsapk.com/sea-battle-2-mod-apk/download,Command your fleet with maximum authority\! The **Sea Battle 2 Mod** includes **Unlimited Money** and **All Unlocked** features for the classic naval battle game. Play the modern and complete **Latest Version** with zero restrictions. Claim your **game** and sink the competition\! Unlock the full experience below.
"Legeclo Legend Clover X [MOD Menu, Damage Multiplier, Defense]",v4.7.0,160 MB,"Android, iOS",Role-Playing,https://i.postimg.cc/Ssf2jjz8/image.png,https://getmodsapk.com/legeclo-legend-clover-x-mod-apk/download,Train your heroes to be unstoppable\! The **Legeclo Legend Clover X Mod** features a **MOD Menu**
OSM 25/26 Soccer Manager Game [Unlimited Money/Unlocked],v4.0.91.1,210 MB,"Android, iOS",Sports,https://i.postimg.cc/k5rBcWQ1/image.png,https://getmodsapk.com/osm-2122-soccer-game-mod-apk/download,Manage your dream team with endless resources\! The **OSM 25/26 Soccer Manager Game Mod** gives you **Unlimited Money** and **Unlocked** features to compete against players worldwide. Lead your club to glory in the **Latest Version**. Secure your powerful **game** today\! Unlock the full experience below.
Medieval Merge [Unlimited Money/Gems/Energy],v1.104.1,215 MB,"Android, iOS",Puzzle,https://i.postimg.cc/XY5vpXR1/image.png,https://getmodsapk.com/medieval-merge-mod-apk/download,Craft epic tools and conquer your quests instantly\! The **Medieval Merge Mod** grants **Unlimited Money
Sniper 3D  [MOD Menu/Unlimited Coins/VIP/Unlock Premium],v6.13.0,206 MB,"Android, iOS",Action,https://i.postimg.cc/wTyqG7TZ/image.png,https://getmodsapk.com/8424-sniper-3d-gun-shooter-mod-apk/download,ELIMINATE every target with the *Tactical Sniper Game* Mod! Access **Unlimited Ammo and Wallhacks** to dominate every mission instantly. This **Latest Version** brings unrestricted FPS action. Get your **game** now! Unlock the full experience below.
"Head Basketball (Unlimited Money, All Unlocked)",v4.5.4,310 MB,"Android, iOS",Sports,https://i.postimg.cc/0NfPwScz/image.png,https://getmodsapk.com/head-basketball-mod-apk/download,Own the field in *Arcade Sports Challenge*! Activate **God Mode** and unleash **Max Power Shots** to score on every play. The **Latest Version** delivers thrilling sports competition. Claim your **game** today! Unlock the full experience below.
European War 7,v3.3.0,441 MB,"Android, iOS",Strategy,https://i.postimg.cc/j2Gbb4dZ/image.png,https://getmodsapk.com/european-war-7-mod-apk/download,LEAD your armies to glory in *Historical War Command*! Command with **Instant Victory** and **Unlimited Gold** to conquer the entire continent instantly. This **Latest Version** offers unrestricted strategy. Secure your **game** now! Unlock the full experience below.
Space Shooter [Menu/Unlimited Diamonds],v1.949,470 MB,"Android, iOS",Arcade,https://i.postimg.cc/pLMHcCS9/image.png,https://getmodsapk.com/space-shooter-galaxy-attack-mod-apk/download,BLAST through the cosmos with zero resistance in *Galaxy Shooter Classic*! Enable **Invulnerability** and **One-Hit Kill** to defeat every boss and alien threat. The **Latest Version** ensures high-octane action. Get your **game** today! Unlock the full experience below.
"Spaceflight Simulator [Unlocked All, Unlimited Fuel]",v1.6.00.9,104 MB,"Android, iOS",Simulation,https://i.postimg.cc/76Rv3n7M/image.png,https://getmodsapk.com/spaceflight-simulator-mod-apk/download,EXPLORE the stars with infinite possibilities in *Realistic Space Builder*! Use **Unlimited Resources** and **Instant Launch** to build and explore the solar system instantly. This **Latest Version** provides a simulation without limits. Claim your **game** now! Unlock the full experience below.
Mafia City [Unlimited Gold],v1.8.188,285 MB,"Android, iOS",Strategy,https://i.postimg.cc/v8pTMWKp/image.png,https://getmodsapk.com/mafia-city-mod-free-apk/download,RULE the streets and build your empire in *Underworld Crime Empire*! Get **Unlimited Cash** and **Max Reputation** to instantly control the city's criminal operations. This **Latest Version** brings unrestricted mafia simulation. Secure your **game** now! Unlock the full experience below.
Stick War Saga [Unlimited Money/Unlocked],v5.2407,290 MB,"Android, iOS",Action,https://i.postimg.cc/jjgq1NNG/image.png,https://getmodsapk.com/stick-war-3-mod-apk/download,COMMAND your forces to ultimate victory in *Stickman War Commander*! Deploy with **God Mode** and **Max Army Size** to dominate every epic battle for control. The **Latest Version** offers unrivaled war strategy. Get your **game** today! Unlock the full experience below.
Loot Heroes  [Unlimited Money/Unlimited All Currencies],v1.19.1,419 MB,"Android, iOS",Role-Playing,https://i.postimg.cc/4N6fgjpC/image.png,https://getmodsapk.com/loot-heroes-mod-apk/download,PLUNDER the depths with unstoppable power in *Dark Dungeon Crawler RPG*! Access **Unlimited Loot** and **Max Level** to instantly equip legendary gear. This **Latest Version** delivers a limitless dungeon adventure. Claim your **game** now! Unlock the full experience below.
Lily Garden (Unlimited Coins/Infinite Stars),v3.50.1,144 MB,"Android, iOS",Puzzle,https://i.postimg.cc/HLxdbxKP/image.png,https://getmodsapk.com/6939-lilys-garden-mod-apk/download,DESIGN your dream garden instantly in *Match-3 Garden Design*! Get **Unlimited Moves** and **Max Garden Tools** to solve every puzzle and restore your paradise. The **Latest Version** offers endless creative fun. Secure your **game** now! Unlock the full experience below.
Lifting Hero [Unlimited Money/Gems],v46.11.6,129 MB,"Android, iOS",Simulation,https://i.postimg.cc/d38YJTkm/image.png,https://getmodsapk.com/lifting-hero-mod-apk/download,LIFT your way to the top instantly in *Weight Lifting Hero Sim*! Use **Unlimited Stamina** and **Max Weight** to train your character into the ultimate hero. This **Latest Version** makes you the strongest. Get your **game** today! Unlock the full experience below.
Stunt Bike Extreme [Unlimited Money/Unlock all Bikes],v0.555,180 MB,"Android, iOS",Racing,https://i.postimg.cc/4x8T4Gdy/image.png,https://getmodsapk.com/stunt-bike-extreme-mod-apk/download,PERFORM impossible stunts with all the power you need in *Extreme Bike Stunt Master*! Unlock **All Bikes** and use **Gravity Control** to dominate every track. The **Latest Version** brings unrestricted extreme action. Claim your **game** now! Unlock the full experience below.
Life is Strange [All Episodes Unlocked],v1.1.4,1.5 GB,"Android, iOS",Adventure,https://i.postimg.cc/dQ8Pkr3s/image.png,https://getmodsapk.com/life-is-strange-mod-apk/download,EXPERIENCE every story path instantly in *Narrative Adventure Time Mod*! Gain **All Choices Unlocked** and **Max Rewinds** to explore every ending in this critically acclaimed game. This **Latest Version** gives you full control. Get your **game** today! Unlock the full experience below.
Supermarket Motel Simulator [Unlimited Money/Free Purchase],v3.6.1,330 MB,"Android, iOS",Simulation,https://i.postimg.cc/YCyqnY1p/image.png,https://getmodsapk.com/9182-supermarket-motel-simulator-mod-apk/download,MANAGE your businesses with zero financial limits in *Business Simulation Tycoon*! Access **Unlimited Money** and **Instant Upgrade** to build a massive supermarket and motel empire. The **Latest Version** is your path to becoming a tycoon. Claim your **game** now! Unlock the full experience below.
Fortisia,v2.1.5,1.8 GB,"Android, iOS","Action, RPG, Gacha",https://i.postimg.cc/g2jTDZzg/image.png,https://getmodsapk.com/9182-supermarket-motel-simulator-mod-apk/download,DOMINATE the fantasy realm with the **Fortisia Mod Menu**\! Activate **God Mode** and **One-Hit Kill** to instantly defeat colossal monsters. This **Latest Version** delivers game-breaking power and an unrestricted adventure. Get your **game** and seize legendary glory now\!
The Snack World,v3.0.1,450 MB,"Android, iOS","RPG, Adventure, JRPG",https://i.postimg.cc/RF5p4pcn/image.png,https://getmodsapk.com/9182-supermarket-motel-simulator-mod-apk/download,EXPERIENCE the magical quest with the **Snack World Unlimited Gems** hack\! Instantly unlock the rarest equipment and maximize your damage output in every battle. Claim the **Latest Version** of this quirky RPG and conquer dungeons with ease. Your unlimited **game** is ready\!47484
The Sandbox 2,v1.11.3,290 MB,"Android, iOS","Strategy, Simulation, Creator",https://i.postimg.cc/Qxx48TWm/image.png,https://getmodsapk.com/9182-supermarket-motel-simulator-mod-apk/download,CONSTRUCT your ultimate world with the **Sandbox 2 Mod Menu** and **Unlimited Resources**\! Gain infinite mana and instantly unlock all elements for unrestricted creation. This **Latest Version** provides a god-like power over your virtual universe. Get your **game** and shape reality today\!
Samurai Rising,v1.5.0,750 MB,"Android, iOS","Action, Hack and Slash, Multiplayer",https://i.postimg.cc/x8sPJ6bF/image.png,https://getmodsapk.com/9182-supermarket-motel-simulator-mod-apk/download,SLASH through armies with the **Samurai Rising Unlimited Money** cheat\! Instantly upgrade every hero and access exclusive weapons to dominate the battlefield. This **Latest Version** ensures max stats and non-stop action. Claim your powerful **game** and become the ultimate warrior\!
Kori Kori,v1.4.9,120 MB,"Android, iOS","Puzzle, Casual, Match-3",https://i.postimg.cc/zfmFgb3s/image.png,https://getmodsapk.com/9182-supermarket-motel-simulator-mod-apk/download,SOLVE every challenge with the **Kori Kori Unlimited Moves** Mod\! Never run out of attempts and use all boosters instantly to clear the hardest levels. This **Latest Version** provides endless fun and relaxation without the grind. Your perfect casual **game** awaits\!
Subway Surfers City,v2.0.3,209.56 Mb,"Android, iOS","Action, New",https://i.postimg.cc/d1mHnSBt/image.png,https://getmodsapk.com/9182-supermarket-motel-simulator-mod-apk/download,Subway Surfers City  brings a refreshing twist to the legendary endless-running franchise. 
Silt ( Mobile version + Unlimited DLC ),v1,1.1 GB,"Android, iOS",Puzzle,https://i.postimg.cc/TY5zb3Ps/image.png,https://modsfire.com/d/lG3MOy78sHsJ1WR,"SILT APK introduces players to a haunting and atmospheric underwater world where silence, mystery, and discovery dominate every moment. Inspired by surreal art and minimalist storytelling, SILT delivers a deeply immersive puzzle-adventure experience that stands apart from traditional mobile games. With its striking monochrome visuals "
Ninja Must Die ( Unlimited Money ),v1.0.121,1.37 GB,"Android, iOS",Action,https://i.postimg.cc/nhgYDnC2/image.png,https://dlnew.gamestoremobi.com/ModComboApp.apk,"Ninja Must Die is an action-packed mobile game with side-scrolling mechanics, rich lore, and fast-paced gameplay."
"Zombie Fire 3D (MOD, Unlimited Money)",v1.43.0,216.2 MB,"Android, iOS",Action,https://i.postimg.cc/qqNvyHt2/image.png,https://files.an1.net/zombie-fire-3d-mod_1.43.0-an1.com.apk,"is a fast-paced first-person shooter-title in which you fight against hordes of zombies in a world plagued by apocalypse, using a variety of weapons, tactics and reactions to survive and save the remnants of humanity."
"Tomb raider ( Mod , FREE SKINS )",v23.329,200 MB,"Android, iOS","Action, New",https://i.postimg.cc/KcK8z2B4/image.png,https://modsfire.com/d/4incH3XDeK0ATSG,"Tomb Raider  is the complete adventure, expertly adapted for mobile. Play it your way, whether using intuitive touchscreen controls, mouse & keyboard, or your favourite gamepad.
"
"Racing Master ( Mod , Unlimited Money )",v0.28.0,"
3.11 Gb","Android, iOS",Racing,https://i.postimg.cc/BQ76Qnw1/image.png,https://modsfire.com/d/mociJ59Ki0CX9qB,"Racing games have always been a cornerstone of mobile entertainment. From arcade classics to hyper-realistic simulations, players all around the world are drawn to the thrill of high-speed competition. Among the new generation of racing titles, one game stands out for its authenticity, depth, and visual quality: Racing Master. Developed in collaboration with the world-renowned Codemasters, this mobile racing game pushes the boundaries of what a smartphone experience can deliver."
Mini Royale Mobile APK  (Full Game),v1.1.63,576 MB,"Android, iOS",Strategy,https://i.postimg.cc/2jsYHLJQ/image.png,https://download2265.mediafire.com/m4j6dws29bogzndnztKvhA5rQDXatJ50IrkqipXpi2tmdrj2TAaMlt5WQTspjVZ5MNpjl3yoj8EaSCw0KOSmynoov47-ZlvXEOm3p9U_fporUtcPcBiZsU4ignQ2AHfcbHCfS1ISVngQzzDSaNSOPPlNYdnmLSTEp4mleiGTK8OXkBAE/uq2946r7kw0ch6o/Mini+Royale+Mobile+Full_%28APKtruemod.com%29+apk.apk,"Mini Royale Mobile APK is an exciting game where you build an army of toy soldiers and go to battle. It’s about planning your moves and protecting your base. You get to be the boss of a tiny army and fight against bad toys. The game wants you to remember playing with toy soldiers as a kid but now with more action.

"
"One Piece Bounty Rush ( GOD MODE ) 
",v90100,"
174.15 Mb","Android, iOS","Action, New",https://i.postimg.cc/133wVw6J/image.png,https://modsfire.com/d/vJMJNs45VW5b7dv,"One Piece Bounty Rush APK is a mobile game based on the famous manga/anime series One Piece by author Eiichiro Oda. This game is developed and published by Bandai Namco Entertainment.

In One Piece Bounty Rush, players will engage in online multiplayer action combat. You will control your favorite characters from One Piece and participate in exciting 4v4 matches.

The game allows you to choose from a variety of different One Piece characters, including members of the Straw Hat Pirates such as Luffy, Zoro, Sanji, Nami, and Usopp, among other characters from the Grand Line waters. . Each character has their own skills and characteristics, allowing you to create diverse tactics in battle.

In the game, you will fight against the opposing team to earn points and conquer the lands in the pirate world. In addition, you can also cooperate with teammates to conquer big matches and defeat the strongest enemies.

"
Fallout 3 ( Mod ALL DLC UNLOCKED ),v9.8,23.6 MB,"Android, iOS","RPG, New",https://i.postimg.cc/QCxdmqdn/image.png,https://d.apkpure.com/b/APK/fallout.n3mods?version=latest,"With Fallout 3: Game of the Year Edition, experience the most acclaimed game of 2008 like never before. Create a character of your choosing and descend into an awe-inspiring, post-apocalyptic world where every minute is a fight for survival. Fallout 3: Game of the Year Edition includes all five of the Fallout 3 Game Add-on Packs:
Operation: Anchorage - Enter a military simulation and fight in the liberation of Anchorage, Alaska from its Chinese Communist invaders.
The Pitt - Travel to the post-apocalyptic remains of Pittsburgh and become embroiled in a conflict between slaves and their Raider masters.
Broken Steel - Increase your level cap to 30, and finish the fight against the Enclave remnants alongside Liberty Prime.
Point Lookout - Embark on a mysterious and open-ended adventure in a huge, murky swampland along the coast of Maryland.
Mothership Zeta - Defy hostile alien abductors and fight your way off of the alien mothership, orbiting miles above the Capital Wasteland."
john carpenter's toxic commando ( Mod DLC Unlocked ),v1,20 GB,"Android, iOS","Action, Horror, New",https://i.postimg.cc/zGgHy52d/image.png,https://gamedrive.org/john-carpenters-toxic-commando-2026/,"Pick your character and team up with three friends because it’s finally time to save the world. Experience intense, high-octane FPS action as you obliterate massive hordes of terrifying monsters in a gore-filled supernatural wasteland. You might not be the most elite team of mercenaries ever assembled, but you are a Toxic Commando! Harness the power of heavy weaponry and specialized abilities to mow down the undead and survive the chaos in this ultimate co-op slaughterfest."
John wick ( The boogeyman ),v2.1,12.4 MB,"Android, iOS","Action, Shooter, Hot",https://i.postimg.cc/y6D16Zxv/image.png,https://d.apkpure.com/b/APK/com.shreemad.johnwicktheboogyman?version=latest,"John Wick Game: War of Revenge is a shooting game that centers on fast, tactical combat and steady upgrades. Download the latest version of John Wick Game: War of Revenge 2.1 to enjoy new features and updates immediately!"
"Truckers of Europe 3 ( UNLIMITED MONEY , MAX LEVEL )",v5.1,674 MB,"Android, iOS","Simulation, New",https://i.postimg.cc/Xq4kLbrV/image.png,https://d.truckersofeurope3apkmod.com/truckers-of-europe-3-mod.apk,"In Truckers of Europe 3, you’ll drive through 20 beautiful and lively locations. You’ll experience the realistic physics of weather, climate change, day & night cycle, bustling streets, and countryside scenery. All these elements add to a lifelike experience that will make you feel right in the driver’s seat."
UFL Mobile 26 ( Version Mobile ),v0.12.1,2.07 GB,"Android, iOS","Sports, New",https://i.postimg.cc/1tHq9NzZ/image.png,https://www.malavida.com/en/soft/ufl-soccer-game/android/download,"UFL Soccer Game 2026 APK is a competitive football game for Android featuring realistic mechanics, physics, and visuals. The experience is built around online matches and player skill, with an approach that sets it apart from other games in the genre. This game invites us to enjoy fast-paced matches, an official FIFPro license, and a progression system designed to avoid unfair advantages by ensuring a level playing field."
West game ( Mod ),v7.2.6,409.48 MB,"Android, iOS","Strategy, HOT",https://i.postimg.cc/5NtRWB2n/image.png,https://d-e03.winudf.com/b/XAPK/bGV5aS53ZXN0Z2FtZV8zOTE0OF9kZTBmNmM5Nw?_fn=d2VzdC1nYW1lLWFwa3JhYmkuY29tLnhhcGs%3D&is_hot=false&k=8e46b24405e60eaca179b7bd0a9f2d8369c04100&uu=https%3A%2F%2Fd-12.winudf.com%2Fb%2FXAPK%2FbGV5aS53ZXN0Z2FtZV8zOTE0OF9kZTBmNmM5Nw%3Fk%3Dab015111e3bb0a6d27345a77a034f3a669c04100&mu=1-1,"West Game APK is a tactical role-playing mobile game developed by game studio LEXIANG CO., LIMITED. This game takes the player into a wild western world where you can build and manage your own city, build armies, join wars and forge alliances with other players. other.

In the West Game, you will start with a wasteland and need to build and develop your city. You can construct structures such as factories, farms, living quarters, and other buildings to increase production and gather resources. By upgrading and expanding your city, you will have the opportunity to build a prosperous Western empire.

"